12867553007,무속성 크리스탈
24942052238,비수액
50968972514,어둠밤나무 원목
63467923049,고압축 섬유판
0376d1205de,팔라듐 모래
03c996ed95e,푸른손 톱니바퀴
03e2d01a0ad,암벽 등반 칸막이
04204ff0f35,오케스트리온 악보: Subterranean Drop
04707c28ca5,부서진 보냉고
05ceba5dde9,칠엽수 원목
064e27b4593,잿빛 크리스탈
0668038c830,이끼 낀 통나무
073cca18868,이후이카나이트
074967fb8de,푸른갓 버섯등
074fd21cef2,금 광석
08183fc473d,취은 모래
08352a58cf0,스타일카탈로그: 뿔테 안경
084742674d1,오케스트리온 악보: From Fear to Fortitude
084b0e19ece,디미스라이트 모래
08f5b9ff36f,노란 명반
09bf2c8a001,흡혈잔 덩굴
0a162801e63,고전 양식 식기
0a83315186c,백금 주괴
0a85cd7fab9,공원 가로수
0ac40a08a50,굽힘 합판
0b356e564b5,고산 아마포
0b9c1f1f59d,철도목
0caf7211000,망간 광석
0ecce85bae7,고풍스러운 물병
10c843d4e26,연호두나무 목재
117482ac4d5,번개 클러스터
122459faf78,심해 그림자 바위
12ba9ce474e,라아 광석
12daf30996a,환상의 프리즘
142be533b2f,정신지배아 정원 살수기
15eb28808af,루테늄 주괴
16bf9bfc441,부서진 커르다스 망루
17165aec33f,얼음 클러스터
181818c18cc,삼나무 원목
193d665f7a0,별첨정석
198462c5ddf,마호가니 원목
1a905d8db3e,차광기 토우
1a95a1e9fb5,마과학 섬유
1cf5f03b4f4,천청석 원석
1e28c7165ea,방진 발수천
2243acf0584,오케스트리온 악보: Pennons Aloft
229b0e237c7,낡은 경량 파이프
229cec2ca8a,심홍색 크리스탈
22b4d11fe2b,스즈사우루스
2337e034164,물 크리스탈
23f73cc5fa0,발사나무 목재
242121765a2,가문비나무 원목
253ca09d670,담쟁이 덩굴
257a2753237,흰물푸레나무 원목
25f90850f02,6등급 암흑물질
26f4ae96923,고운비단 고치
28d0ce1f7f6,티타늄 광석
28f9d9c6871,야광의 에테르 모래
29d5c6e155e,홍련 산호
2a790c1a081,취록색 클러스터
2c9a1a990ed,루비
2d15a2c958a,투랄 옥수수유
2eaabaa4446,고대 생물의 뼈
2f404cab6d1,강화 유리판
2fa9b4e52d8,투명한 프리즘
305adc60121,숯불 다리미
323db5e2b38,망치악어 가죽
3270752a8b1,능금나무 원목
329b82368b9,디미스라이트 광석
32b57e33865,코코넛
338241b6903,얼음 샤드
343c8b5a40d,은빛이리 가죽
35c98f574bb,황금 물병
37575340f6b,돈방석
376a52fe573,복층용 돌 계단
380e6114b80,요정 목화
38c75f15acf,바다제비 생가죽
38d195dbe79,조각상 파편
39241b73e8b,발사나무 폐재
3a2d3fca915,천연 청수정
3a4a46ff481,바람 샤드
3b1bf55ed75,대리석
3b80c108809,검은전갈
3c5647a9cd0,바람 클러스터
3d9d600650f,암철 광석
3e5ecbd9dd9,루미스라이트 모래
3f2bcd66b80,알자달 보물 깔개
40649ebf181,분홍 녹주석 원석
4101124f6e1,쉬콘
41900028b9e,물 샤드
41a95180c41,낡은 주술도구 파편
41f1bd09bbc,섬오목눈이
421f96ab4c3,백색 화강암
42510f05439,불 크리스탈
428c9609ce9,너도밤나무 원목
44bbfce2a2d,망자의 보물상자
456fc0896e4,느티나무 원목
45b8526fc21,설무명
4773ab5c979,마름돌
497f62a0795,영청암
49b9b8fe176,사막티크 원목
4ba78b4c365,부서진 곁탁자
4bd528a3029,경니암
4be10f07143,천연 점토
4c3a072b9d8,능아연 광석
4d4836cb136,오케스트리온 악보: In Dawn's Embrace
4dd353f2759,스타 루비
4dfc974071d,경금 모래
4e4d8761263,백색금 주괴
4f454b9eec4,간유리판
4faa4a22b25,우파루파 봉제인형
508cc1e4d52,카에안 목화
511dd565cb6,해저 금괴
51319f2c33b,진홍모시풀
51e6a7b3c3d,창연 광석
5369d546373,갈포천
53dfca2bdc7,침몰선 목걸이
54c4e934926,얼음 크리스탈
551bae46d58,아까시나무 원목
55363c775db,규암
554c6e2b623,낡은 이음판
5566b9cbcb7,야술라니 마늘
597eacd5cc6,코토코토코
59d0186c44d,편광 유리판
5b2d6846029,별석영 원석
5b8953a312c,자작나무 원목
5c39887844b,녹슨 갑옷
5c9d4b90f53,코발트 텅스텐 광석
5ca829de57b,스타 사파이어
5d784b9c05f,통나무 반칸막이
5e1108bc8de,복층용 돌 바닥
5e3811224d2,물 클러스터
5fa51512504,장미휘석
60b1ba8d8ed,성극 자갈
61ce5e71ea8,연금 수지
629a5024ba3,이후이카나이트 원석
63e5b2767e1,두루마리 수납장
64d76d01fcc,알로하 달달이
65296899a0c,크리스탈 유리판
65625384a85,흑철 주괴
66253d2717e,마그네시아 가루
66932d5e196,2등급 민첩성의 환혹약
66b0f695755,카마사이트 광석
67a34a4b800,신앙의 메가마테리쟈
6a099257b29,대나무 묶음
6b5a8367c0f,드워프 목화
6b6c9a9011c,골동품 병 세트
6c9a0e089de,스타일카탈로그: 미스릴 테두리 안대(오른쪽)
6ccb42d6f11,고운비단 직물
6d0f77f61a5,가스트라 초상화
6d7ed458916,검은색 점토
6d9e4367bb3,뜨개천 깔개
6e0c58f5276,천연 녹수정
6e29c6c470c,빨판상어급 잠수함
703c4655033,오케스트리온 악보: Dreams Aloft
709d04e6678,철목 원목
7188e849964,오갈피나무 원목
71b6a122519,오케스트리온 악보: Tinkerer's Treasure Trove
71df4aead9c,불 클러스터
73e0cedef71,유리판
753be7e2290,로열 메이플 시럽
75518cdbc90,석회암
75bbf33ae18,흰떡갈나무 원목
75e8fe8ad03,유휘석
77f76daf8e7,경금 광석
78437f00414,아까시나무 목재
7884674a050,흑철 광석
78a5bccec0b,우토무 토마토
79d3b7ebcd8,모그리 왕관
7a230effb70,해제의 프리즘
7bb7131a2a1,잿빛 클러스터
7c6f7bbc0c5,뿔테 안경 환영
7c974d4dd5e,별기름
7caf7640997,흑마호가니 원목
7d27ff6a032,경은모래
7ea6c6245f0,벨라흐디아 유리
7f7b0481dd4,호박금 주괴
7f93ca4306b,바다 유지
80f44716255,벤벤
81292b8e222,백후추
81332022b74,고산 암염
81b55d062f8,은빛이리 생가죽
81f7c05f2bf,해저 점토
82eb87e8615,검은밀
840148963de,미스라이트 모래
84d6f9bd882,번개 크리스탈
85655ffcd81,땅 크리스탈
86ed61d3137,실험대
87353133a4a,분홍 녹주석
8763a69ce2e,스피피사우루스
8810edbd5e4,경철 광석
8909af8cc49,녹색편암
8a60394b095,소결 숫돌
8cbd1692348,비자나무 원목
8cf7b07685f,오케스트리온 악보: Nature's Bounty
92df6aaa6e6,땅 클러스터
94345ba9055,티타늄금 광석
95b9d82bece,옛날식 개수대
96af6c63cab,홍금 주괴
974f4ce12b8,건져낸 동전
97a3ed3462a,감청색 크리스탈
99445a90cc4,또륵이 부유인형
996d395191e,백운모
9a93e3ccb53,브라샤 가죽
9aa08a25f22,돌가루 점토
9ae6e377eed,고산 식염
9c8b114188f,티타늄금 덩어리
9e2c492677f,하얀전갈
9e3800ac04b,원형 벽돌 바닥
a10f8298ec2,아다만 광석
a1570206c27,결정 채집가 가방
a161586ef81,라리마 원석
a1dd1361860,투랄 옥수수
a392eefe842,고산 아마
a505a0d4525,자연금
a533d2a24cd,실드라급 잠수함 P형
a5fda08ef8f,로열 메이플 수액
a63ab20d5e2,침몰선 고급 목걸이
a63ebaf4161,사파이어
a66565ff7f3,오케스트리온 악보: Coffee Break
a7ffe32e61a,바람 크리스탈
a87a173f60c,빨간 모시풀
a949aa2e4cf,연금 섬유
ab0c789da75,나그샤 비단
ac291f46362,어둠밤나무 가지
ade815b33e6,취록색 크리스탈
ae6e3a638af,왕실 사자상
ae82f238a9d,몰리브덴 광석
af45847cb83,외계양파
af9f43406d7,푸누티 봉제인형
b04e92335f4,원형 디딤등
b06bdabd06d,침몰선 팔찌
b0d25fe5f1c,휘금 주괴
b0e0e0e5149,다이아몬드
b1836f598a8,시데리티스 찻잎
b31d4b2cabb,오케스트리온 악보: Nemesis
b41d685e2b1,침몰선 고급 귀걸이
b4a12bdf80e,인테그랄 원목
b4dd0e6db4d,황제금모래
b5268e69abf,화강암
b5288841dea,루테늄 광석
b5c68e166dc,연호두나무 원목
b618beeda8c,강화 키메라 생물 생가죽
b6c82c560b1,대나무 목재
b74b5bf3d1c,오케스트리온 악보: By Design
b82cb19cfb2,푸른 지르콘 원석
b915037525a,실트암
b9eeb0a3b77,마은 모래
ba5f6696b18,프리기아금 광석
ba7bf11d654,스타일카탈로그: 작은 코안경
be86a873bca,티크 원목
be91e58dd12,2등급 힘의 환혹약
c033fde111c,경은 덩어리
c0b3f95cb08,흑마호가니 목재
c22ac08d933,침몰선 귀걸이
c3ac50612f8,자황수정 원석
c78c64391ac,보라색 종이우산
c8ee660642c,흑성옥 원석
cab480757a8,백금 광석
cb0ea85fe5a,미어캣
cc34fdeba3c,양목면나무 원목
cc82d6c8de4,고대 야수의 화석 조각
ccf379daf6d,오르코 크롬 주괴
cd321e2980d,야자나무 수액
cd8bbf69984,낙우송 원목
cdafd75acf3,스타일카탈로그: 스모크 고글
cdecdc19ee4,설목화
cea082f6bbe,심홍색 클러스터
ceca3816275,침몰선 반지
d053f8800a2,꺼림칙한 장갑판
d06fd6ace0e,해파링
d08a51f2e1b,암흑물질 클러스터
d097f1d9ab9,백랍 광석
d1fd88d7d58,촬영장 상부 조명
d324ad6726a,뜨개천
d3506672dc5,도마철 광석
d42030c941e,미스라이트 광석
d5c8e4f443f,오케스트리온 악보: Hard to Miss
d6f98d8b847,천연 황수정
d8119e15126,침몰선 고급 팔찌
d8fd0f2cab4,흡혈덩굴 수액
d93e45d1f93,향목 조각
da3920500c2,백동 덩어리
daa18b98952,심해 대리석
db90ceb00db,복층용 통나무 바닥
dbe0c3a9b4e,감나무 원목
dc2713d3558,대형 크리스탈 유리판
dcd16cceb1b,코발트 텅스텐 주괴
05612506160,브라샤 생가죽
de74e839138,망치악어 생가죽
def3a601700,맥주잔
df0b62bdc76,천연 수정
df884e64605,스타일카탈로그: 미스릴 테두리 안대(왼쪽)
e13b794db4a,티타늄동 광석
e4919e89eea,이로코 목재
e4f3ed7841a,코코볼로 목재
e67861e475b,감청색 클러스터
e7b679ebdc9,표류 씨앗
e7f81841227,오르코 크롬
e92a8f40d6d,낡은 악보: Ambient Abyss
e9435ff84a7,천연 적수정
e96a06b8f38,형광등 샹들리에
e9c698a7607,자작나무 가지
e9cb35d1a24,순티타늄 광석
ea74c842c1f,응회암
ea80f67f164,메스키트 콩
ea8d2e8fdf5,유창목 원목
ecf62b9b7c7,백색금 광석
ee71e0fc0be,흑성옥
ef370020d34,녹나무 고목
f0a077cda72,극광의 에테르 모래
f1055d46ca1,파란 꽃무늬 우산
f13ed9541b6,낡은 선박용 창문
f1efaf5ea53,대왕포포토
f21ad2e53b4,7등급 암흑물질
f21ae804a0e,철운모
f46c7ec3e4e,철중석
f4f27a63d1c,땅 샤드
f5f215efc02,투랄 파인애플
f7a08bbbdbe,티타늄동 모래
f7f930367b9,남철석
f86617189db,2등급 지능의 환혹약
f954b70ea05,은 광석
fb862959431,휘금 광석
fce397bbe6c,불 샤드
fe0c5839a11,번개 샤드
feaafe70a84,뜬구름풀
ff557242258,에메랄드